GO
SET IDENTITY_INSERT [dbo].[Languages] ON
GO
INSERT [dbo].[Languages] ([Id], [Name], [RowId], [DateCreated], [DateModified], [EntityStatus]) VALUES (N'7e4d6736-2f50-4616-9df4-46696dccc178', N'Twi', 1, CAST(N'0001-01-01T00:00:00.0000000' AS DateTime2), CAST(N'2022-09-03T09:24:12.5269318' AS DateTime2), N'Normal')
GO
INSERT [dbo].[Languages] ([Id], [Name], [RowId], [DateCreated], [DateModified], [EntityStatus]) VALUES (N'a2e93409-9528-4edd-a839-bc13b2f5591e', N'French', 2, CAST(N'0001-01-01T00:00:00.0000000' AS DateTime2), CAST(N'2022-09-03T09:24:12.5269326' AS DateTime2), N'Normal')
GO
INSERT [dbo].[Languages] ([Id], [Name], [RowId], [DateCreated], [DateModified], [EntityStatus]) VALUES (N'bbb508fa-bbd0-4879-8212-9ae2eaeadee0', N'English', 3, CAST(N'0001-01-01T00:00:00.0000000' AS DateTime2), CAST(N'2022-09-03T09:24:12.5268744' AS DateTime2), N'Normal')
GO
INSERT [dbo].[Languages] ([Id], [Name], [RowId], [DateCreated], [DateModified], [EntityStatus]) VALUES (N'c5d9d69d-b469-42bb-a584-091bc1ab5ea1', N'Ewe', 4, CAST(N'0001-01-01T00:00:00.0000000' AS DateTime2), CAST(N'2022-09-03T09:24:12.5269322' AS DateTime2), N'Normal')
GO
INSERT [dbo].[Languages] ([Id], [Name], [RowId], [DateCreated], [DateModified], [EntityStatus]) VALUES (N'ea29f141-7b61-4f63-b6e0-b37e146d1cad', N'Fante', 5, CAST(N'0001-01-01T00:00:00.0000000' AS DateTime2), CAST(N'2022-09-03T09:24:12.5269314' AS DateTime2), N'Normal')
GO
SET IDENTITY_INSERT [dbo].[Languages] OFF
GO
SET IDENTITY_INSERT [dbo].[Users] ON
GO
INSERT [dbo].[Users] ([Id], [ImageId], [FirstName], [FamilyName], [OtherName], [DisplayName], [MomoNumber], [IsSuspended], [IsVerified], [IsRemoved], [Type], [LevelOfEducation], [Password], [PasswordKey], [Contact_EmailAddress], [Contact_PrimaryContact], [Contact_PrimaryContact2], [Contact_PrimaryContact3], [Address_Country], [Address_City], [Address_Town], [Address_StreetAddress], [Address_StreetAddress2], [RowId], [DateCreated], [DateModified], [EntityStatus]) VALUES (N'50aeaf54-ebfc-4676-aa59-83e7569caa86', NULL, N'Beatrice', N'Kessewa', NULL, N'Beatrice Kessewa', NULL, 0, 0, 0, N'Customer', N'0', 0x0C79B6786A7050A75AD538A875D6A63B12AA49174EB6E31D8411AF36E713CC475A92BE1B3E72381ABDC5FEE6A84B3CD41FD23F61DDF7ACB75CDBFAEF679F2BCE, 0x53220E7D4823666C4E8E1F4FE945350FA13C29C86469FDFB5435BC636CDE6B0D53542DE9BC62B6E385D5E591A00A3284999BC947A3A00264C5F543E983DB95B2302610860C3908DE0E6F1CD8EEC59EDF612078599153D5B84EF88540AF4FBED7BB96A9F5488B6997C3ACE0B258117390B61576DDA441C15499EB95484AD7C590, N'', N'0243250419', N'', N'', 0, NULL, NULL, NULL, NULL, 1, CAST(N'2022-10-14T01:00:19.8243363' AS DateTime2), CAST(N'2022-10-13T15:22:40.8103346' AS DateTime2), N'Normal')
GO
INSERT [dbo].[Users] ([Id], [ImageId], [FirstName], [FamilyName], [OtherName], [DisplayName], [MomoNumber], [IsSuspended], [IsVerified], [IsRemoved], [Type], [LevelOfEducation], [Password], [PasswordKey], [Contact_EmailAddress], [Contact_PrimaryContact], [Contact_PrimaryContact2], [Contact_PrimaryContact3], [Address_Country], [Address_City], [Address_Town], [Address_StreetAddress], [Address_StreetAddress2], [RowId], [DateCreated], [DateModified], [EntityStatus]) VALUES (N'589726b6-e029-4d76-8980-fe8c9a93bdb1', N'', N'Gideon', N'Apaloo', N'', N'Gideon Apaloo', N'', 0, 1, 0, N'Artisan', N'0', 0x8C555F43E7F1F9AE6F83648D01DE283C504F2A9024121F45D93C61E30F64187EAE03BB577F6522A9469472C828E4ADE1B4FDB12DF75A598B295CF9B0CAE9F869, 0x2DBDA655D29D1D70EAA6BE212D75A205DA739D2C47E105F33BADFAD038701629269979DF8A958B1F12FD250265C2CE6C80E228566CF13C0765DBEFAF715EBE28095D58D365D167B73B5A48A0C3BEE9E46962A69D745558057300EB809838B0ADE1742D72B5FF9013BB11EA6F529435DC9E7CB11AA08571BCEE3F365E72354A35, N'', N'0245526579', N'', N'', 0, N'', N'', N'', N'', 2, CAST(N'2022-11-16T14:50:46.5350171' AS DateTime2), CAST(N'2022-10-21T01:48:03.9641698' AS DateTime2), N'Normal')
GO
INSERT [dbo].[Users] ([Id], [ImageId], [FirstName], [FamilyName], [OtherName], [DisplayName], [MomoNumber], [IsSuspended], [IsVerified], [IsRemoved], [Type], [LevelOfEducation], [Password], [PasswordKey], [Contact_EmailAddress], [Contact_PrimaryContact], [Contact_PrimaryContact2], [Contact_PrimaryContact3], [Address_Country], [Address_City], [Address_Town], [Address_StreetAddress], [Address_StreetAddress2], [RowId], [DateCreated], [DateModified], [EntityStatus]) VALUES (N'58a45f6a-3513-4489-a59b-89b922ee5303', N'', N'Kay', N'Gyasi', N'Jeremiah', N'Kay Gyasi', N'', 0, 1, 0, N'Customer', N'PhD', 0xCCCD530066AFADB3090F3A6C1FFF87DB64AFF29055F0CDA3FB23D1A8009EA26AE09CB575DD79F8020F2505310D330F4E797615469A2E12AF297FDCA65B8CF041, 0x9C6159FF177023DBE6F8087D1DF0260D435CE0591FB7B6880ED47B6FE2CF3D60C52D2F8BEFCD1797114A00975E066D400DD9734915D662D979E2C1AAD7F75F842515FD195BBA71067E065C7671D7441763574781F005540B1F7E9FB431EED91FBF67CEF67084E5D26E0B64AC86F7D1B01596D61EBDDE5F0A0DF080A1E6CF9372, N'', N'0207733247', N'', N'', 1, N'', N'Takoradi', N'New Brunswick - Agbobloshie Rd', N'', 3, CAST(N'2022-10-14T01:00:55.4127308' AS DateTime2), CAST(N'2022-11-18T17:46:54.3371959' AS DateTime2), N'Normal')
GO
INSERT [dbo].[Users] ([Id], [ImageId], [FirstName], [FamilyName], [OtherName], [DisplayName], [MomoNumber], [IsSuspended], [IsVerified], [IsRemoved], [Type], [LevelOfEducation], [Password], [PasswordKey], [Contact_EmailAddress], [Contact_PrimaryContact], [Contact_PrimaryContact2], [Contact_PrimaryContact3], [Address_Country], [Address_City], [Address_Town], [Address_StreetAddress], [Address_StreetAddress2], [RowId], [DateCreated], [DateModified], [EntityStatus]) VALUES (N'5a58457b-ea5f-40ab-b238-2424efd2014a', N'', N'Filo', N'Sampson', N'', N'Filo Sampson', N'', 0, 1, 0, N'Customer', N'0', 0x76A203F7F1F6A774FFC0C7165ED39E585FA81BA0AEBB59253BF427B7BEC0F84D7856014676830886A0EC2A42ADC68027193CC27B2C1D8E5FA9F909C1B0BF6CB9, 0xCF2C4B18D3A66CED3D1047F1E859BA298142164BEE2B5F9AB374B0B61892F62C5AC0274367BB399A20DDFFC307B4A6B1C329B3FF1499CC4159C478A8E296FCC6645F2FBAD6915A86A16955D8B5239F24E56E19654FEAD645AE5918031D37FF54CD32397C929519BAC6524AF0ACE1933350850E88B6ED43B17F990EE309E9A475, N'', N'0243471037', N'', N'', 0, N'', N'', N'', N'', 4, CAST(N'2022-11-17T20:56:42.0499640' AS DateTime2), CAST(N'2022-10-21T01:48:03.9641698' AS DateTime2), N'Normal')
GO
INSERT [dbo].[Users] ([Id], [ImageId], [FirstName], [FamilyName], [OtherName], [DisplayName], [MomoNumber], [IsSuspended], [IsVerified], [IsRemoved], [Type], [LevelOfEducation], [Password], [PasswordKey], [Contact_EmailAddress], [Contact_PrimaryContact], [Contact_PrimaryContact2], [Contact_PrimaryContact3], [Address_Country], [Address_City], [Address_Town], [Address_StreetAddress], [Address_StreetAddress2], [RowId], [DateCreated], [DateModified], [EntityStatus]) VALUES (N'5d4b17c2-eb88-48ac-8262-f5151a234cfc', N'', N'Kobby', N'Just', N'', N'Kobby Just', N'', 0, 0, 0, N'Artisan', N'0', 0xCA85CEC7D4AA188CBE62F7248EA6366EECDCA1E40431A85FDF3C32A40C4DFC0A048954AD3A5152863E189BA88A9B49D3BD242D7EF312E87CFB66E48FA9CE76DF, 0xDBE8834DBF069406A96A37285F29507E06C01649FBBFF96046DE4D0477C9DD543D817898BAA0EC8A4C29F96A1692D653972A8C7D9FE7E7B0B7674294C1287B3581EC65EFA4585405032245D958033F8785ED356239BC347DE55BFF8A854F6CB472009148D4FC2107FA976F16B4D323CCAD2D2A1353D5316A3E515AFD6EBD1186, N'', N'0552985772', N'', N'', 0, N'', N'', N'', N'', 5, CAST(N'2022-11-22T15:16:56.1014315' AS DateTime2), CAST(N'2022-10-21T01:48:03.9641698' AS DateTime2), N'Normal')
GO
INSERT [dbo].[Users] ([Id], [ImageId], [FirstName], [FamilyName], [OtherName], [DisplayName], [MomoNumber], [IsSuspended], [IsVerified], [IsRemoved], [Type], [LevelOfEducation], [Password], [PasswordKey], [Contact_EmailAddress], [Contact_PrimaryContact], [Contact_PrimaryContact2], [Contact_PrimaryContact3], [Address_Country], [Address_City], [Address_Town], [Address_StreetAddress], [Address_StreetAddress2], [RowId], [DateCreated], [DateModified], [EntityStatus]) VALUES (N'774a6d79-f46b-4049-bb42-24d4165d1f70', N'', N'Kofi', N'Gyasi', N'Exdoe', N'Kofi Gyasi', N'0244837637', 0, 1, 0, N'Artisan', N'Undergraduate', 0x95FFD32B2E330BB5B41C08BC45EFDA7E1FC51C39AC0D7151810382F76112A2FBD9732EE5065791FAEB8B7350468F9D2289346B9700DCEAE7DBF98A18CD7F0F26, 0x300CEF7A26141EAA7771D9AE1825273EAFE0EEAE8A624E6A1DC8DF0D07AD720B62B89B2B5768F881535AC3269E107237D7A69599A103422BE4CAB511E12DC14A69483351F3BD8CC081936C1E237C5D22863D0A73AD293CF1BD662DF2D8BB686EC48260B182C7E559A29A44351692D9B045A00862F816AB2951722DFC3D01FEA7, N'kaygyasi715@yahoo.com', N'0557833216', N'', N'', 1, N'', N'Takoradi', N'Anaji-Estate, Takoradi', N'', 6, CAST(N'2022-10-13T04:49:18.4555492' AS DateTime2), CAST(N'2022-11-18T10:34:29.8727737' AS DateTime2), N'Normal')
GO
INSERT [dbo].[Users] ([Id], [ImageId], [FirstName], [FamilyName], [OtherName], [DisplayName], [MomoNumber], [IsSuspended], [IsVerified], [IsRemoved], [Type], [LevelOfEducation], [Password], [PasswordKey], [Contact_EmailAddress], [Contact_PrimaryContact], [Contact_PrimaryContact2], [Contact_PrimaryContact3], [Address_Country], [Address_City], [Address_Town], [Address_StreetAddress], [Address_StreetAddress2], [RowId], [DateCreated], [DateModified], [EntityStatus]) VALUES (N'a1cdbaa5-3d4c-4b5f-aad8-76d81a60dec8', NULL, N'Creative', N'Works', NULL, N'Creative Works', N'0207024947', 0, 1, 0, N'Artisan', N'0', 0x1C72641D6F1BC3C68E97EBA125E1BC956FA9BB9940F389054313BCFE521DCC42795C3D20DE54F58269F79BC3A95E6B64CE5754F24C8AF9F9CAC6D48698AFCCF0, 0x411324D095A1B6C3D7FDDD33879793D72EAA6F1067CC42E60AD7B7EF8BB6219523D3ECAB410E23B26F56177120645905BCCA8791ACDAF3FC4E20A9DE542A39CDBC4F66225EFAD0E381882AB02ECB685CB3B05CDDA2443C1DEDF74F97EBA287981C71278F0F8B5ECD667A4550F3CD6A2A8B52AAC2CEC4D9B52B874E68078BA7D8, N'', N'0599476265', N'', N'', 0, NULL, NULL, NULL, NULL, 7, CAST(N'2022-10-13T16:55:12.4707821' AS DateTime2), CAST(N'2022-10-13T15:22:40.8103346' AS DateTime2), N'Normal')
GO
INSERT [dbo].[Users] ([Id], [ImageId], [FirstName], [FamilyName], [OtherName], [DisplayName], [MomoNumber], [IsSuspended], [IsVerified], [IsRemoved], [Type], [LevelOfEducation], [Password], [PasswordKey], [Contact_EmailAddress], [Contact_PrimaryContact], [Contact_PrimaryContact2], [Contact_PrimaryContact3], [Address_Country], [Address_City], [Address_Town], [Address_StreetAddress], [Address_StreetAddress2], [RowId], [DateCreated], [DateModified], [EntityStatus]) VALUES (N'a2a9f274-e67b-4235-80ee-9f9f58d3c457', NULL, N'Abdul', N'Adunee ', NULL, N'Abdul Adunee', N'0207024947', 0, 1, 0, N'Customer', N'0', 0x97D935B38F7106DC2AC6ED415CF7A4E9F5FB39699C212DDC8689748905B81A1EC743A689870B144273EEFF559766B5AC5655EB17D96047678BC5CF0F04DA0BF4, 0x2C026813C48AB93C5E49329FDDD2EBE5B50498CCCF836CD6B9E8D11875C87410F46154AE84229841112E8C801BBB43BB1CC2B9BA760F0876795F20CCCCD6C9F2790C5064AA25A9674E59CD38DC2AB56A457F7CD3387D7A8D4592195C16CFFC708760A92957F4D1942910FAEA0ADA0E1BA95FE214E592A6806DFA3F152A4059DB, N'', N'0207024947', N'', N'', 0, NULL, NULL, NULL, NULL, 8, CAST(N'2022-10-13T10:34:01.1305653' AS DateTime2), CAST(N'2022-11-08T16:09:19.6539971' AS DateTime2), N'Normal')
GO
INSERT [dbo].[Users] ([Id], [ImageId], [FirstName], [FamilyName], [OtherName], [DisplayName], [MomoNumber], [IsSuspended], [IsVerified], [IsRemoved], [Type], [LevelOfEducation], [Password], [PasswordKey], [Contact_EmailAddress], [Contact_PrimaryContact], [Contact_PrimaryContact2], [Contact_PrimaryContact3], [Address_Country], [Address_City], [Address_Town], [Address_StreetAddress], [Address_StreetAddress2], [RowId], [DateCreated], [DateModified], [EntityStatus]) VALUES (N'b273dc82-752a-46c9-b359-44116c810dca', N'', N'Kweku', N'Gyasi', N'', N'Kweku Gyasi', N'', 0, 1, 0, N'Customer', N'0', 0x0D335ECA25FF1E88E0D3664A44DDCC1B0B764D16CBF71183757B546891ACEF945AF7B4C932C3F186F73AE317A8A6DE94908B4E6A73C1D1005AEA36A7144ACE34, 0x82E1AD06082F822ABE1F90A35222E33AFD88C21B526A0E4CC7976858F4E8C51C4C2E3CB16755A2F75835DE9244F395FB65381C223F9986C4562055252025494B4ABBC5F6232F52D9A27837BCD3D3B08D39311DD010F149ECFAE4539303A1464506BCDD925493893FA0188967915057ED2C723FB9D32AC4113280296EA7923F84, N'', N'0598333955', N'', N'', 0, N'', N'', N'', N'', 9, CAST(N'2022-10-28T13:09:33.4500722' AS DateTime2), CAST(N'2022-10-21T01:48:03.9641698' AS DateTime2), N'Normal')
GO
INSERT [dbo].[Users] ([Id], [ImageId], [FirstName], [FamilyName], [OtherName], [DisplayName], [MomoNumber], [IsSuspended], [IsVerified], [IsRemoved], [Type], [LevelOfEducation], [Password], [PasswordKey], [Contact_EmailAddress], [Contact_PrimaryContact], [Contact_PrimaryContact2], [Contact_PrimaryContact3], [Address_Country], [Address_City], [Address_Town], [Address_StreetAddress], [Address_StreetAddress2], [RowId], [DateCreated], [DateModified], [EntityStatus]) VALUES (N'cdcb7ae2-ab61-4b64-87bc-e2e4392c4f5a', N'', N'Kwamena', N'Ansah', N'', N'Kwamena Ansah', N'', 0, 1, 0, N'Customer', N'0', 0xCF6CAC433E7FBBFF04F7560596FD0B1CA63B9B715E82E5EFFBC4FD43FB7CC21E87EB8BF41A192FDC150990657476EB90A4A0D06D1B0CBB23E2FF92519ABE5463, 0x51D8FAA05BCEECFBE73FBC240E66DD22844DF65B49E7E3F2C5ABC65B796451BA1FCCB270209F0DDF43948802A4EECD548B96D72123210CEB9B288EBCFD192F537A7CA75E75CFCA7393F379A83D2456367096AE97D9414DF270FE8778C04CAE92F20CF0BDEDDD6937F148CF1B11C775807BA58C1F40A176C162285B6D89920257, N'', N'0249795541', N'', N'', 0, N'', N'', N'', N'', 10, CAST(N'2022-11-02T13:05:10.7042882' AS DateTime2), CAST(N'2022-10-21T01:48:03.9641698' AS DateTime2), N'Normal')
GO
INSERT [dbo].[Users] ([Id], [ImageId], [FirstName], [FamilyName], [OtherName], [DisplayName], [MomoNumber], [IsSuspended], [IsVerified], [IsRemoved], [Type], [LevelOfEducation], [Password], [PasswordKey], [Contact_EmailAddress], [Contact_PrimaryContact], [Contact_PrimaryContact2], [Contact_PrimaryContact3], [Address_Country], [Address_City], [Address_Town], [Address_StreetAddress], [Address_StreetAddress2], [RowId], [DateCreated], [DateModified], [EntityStatus]) VALUES (N'e5eb9ca9-b24a-4a7b-9450-c04beca9d90b', N'', N'Kofi', N'Addae', N'', N'Kofi Addae', N'', 0, 1, 0, N'Customer', N'0', 0xC29CAC552461CD1B238BBB612560FC26AD4054EFE9A2C253A309494DA1D5B4822A2F1E39F3BCB2C4A3D9A0988EC7CC8442327225CEC72E49F3D01BC0295EB7BD, 0xF91F4A97B4D4E08AEC1E071EC844C954745958682BA37406FFA31A0D3F1BAA8272BE228B51856108BD4F5750BE21BE50E9BBA5410C15946025F383FCBEC8C9CB3A2C5B159FD6460E6219530B7593A1F3F4890EB594223766A064498C484555CA8696D725A09E07CBF902101B39372148D2ED253D4F4E80B1D226184FA52DFC42, N'', N'0200584799', N'', N'', 0, N'', N'', N'', N'', 11, CAST(N'2022-11-12T16:14:04.9669748' AS DateTime2), CAST(N'2022-10-21T01:48:03.9641698' AS DateTime2), N'Normal')
GO
INSERT [dbo].[Users] ([Id], [ImageId], [FirstName], [FamilyName], [OtherName], [DisplayName], [MomoNumber], [IsSuspended], [IsVerified], [IsRemoved], [Type], [LevelOfEducation], [Password], [PasswordKey], [Contact_EmailAddress], [Contact_PrimaryContact], [Contact_PrimaryContact2], [Contact_PrimaryContact3], [Address_Country], [Address_City], [Address_Town], [Address_StreetAddress], [Address_StreetAddress2], [RowId], [DateCreated], [DateModified], [EntityStatus]) VALUES (N'ef7769e9-6015-486a-a98f-3b923ec73b78', N'', N'Abeiku', N'Ansah', N'Cephas', N'Abeiku Ansah', N'0550181288', 0, 1, 0, N'Artisan', N'Undergraduate', 0x3EB1A1FFE98F85BC3E2E6B1230584F95E363DFEC30C69FFAAA2B3C87D345132D619096B19E07F1F38DA7C700558463DADC4C1799EF987B44EE2B82F3DE246870, 0x14202EC6F4D4E8AC1F81D4D0F7E3F27C5EB2379FF12C8324A7535886F3A70774AC0D4B5B9169C688A9C4D92BD4F405094BF8B107FC0E4BFC7A92BE69B164E622F0A7923FFA897582B5860075BF8453B8282E7ABB627B5ED4C3866EECBE21F47F229B29131195ED03DEEA61EBD7B5B63C07342569F683942E2FD6FDE115D55FCC, N'nsafulansahk@gmail.com', N'0550181288', N'', N'', 0, N'', N'Tarkwa', N'Justice Sowah Street', N'', 12, CAST(N'2022-11-02T17:36:01.6456134' AS DateTime2), CAST(N'2022-11-02T17:39:25.8445811' AS DateTime2), N'Normal')
GO
INSERT [dbo].[Users] ([Id], [ImageId], [FirstName], [FamilyName], [OtherName], [DisplayName], [MomoNumber], [IsSuspended], [IsVerified], [IsRemoved], [Type], [LevelOfEducation], [Password], [PasswordKey], [Contact_EmailAddress], [Contact_PrimaryContact], [Contact_PrimaryContact2], [Contact_PrimaryContact3], [Address_Country], [Address_City], [Address_Town], [Address_StreetAddress], [Address_StreetAddress2], [RowId], [DateCreated], [DateModified], [EntityStatus]) VALUES (N'f7994397-a0f4-420c-b3ec-245ee78ed3c9', N'', N'Alywin Jesse ', N'Azonu ', N'', N'Alywin Jesse Azonu', N'', 0, 1, 0, N'Customer', N'0', 0x95B41A91EA32104BAF73E31AA6EF32033DC73AD1F95EC113CC96B5693E410BE2D4BB287B16D5F9648A553DBBDDC3BF2CC80FCC0C6AB933AB96E1208A5A88AD5E, 0x381C67B89072FF25082CD2DC436DE21CFA0E29D2007C44D4593D9FA2DF7055D45BD0BA393A524E6CADD9BE0DC2418BA9C1B5BB3CB8044EDFE367BFF40372CD2E06DBB13A88E2902F742496FAD722D8E1091B55AC7DCCD797CAEC1694F18D55917139EFA74E6BE564FAAFF7C0454F8236EB221BA5F2833450119AA90D08496414, N'', N'0545790682', N'', N'', 0, N'', N'', N'', N'', 13, CAST(N'2022-11-22T12:33:39.2768876' AS DateTime2), CAST(N'2022-10-21T01:48:03.9641698' AS DateTime2), N'Normal')
GO
INSERT [dbo].[Users] ([Id], [ImageId], [FirstName], [FamilyName], [OtherName], [DisplayName], [MomoNumber], [IsSuspended], [IsVerified], [IsRemoved], [Type], [LevelOfEducation], [Password], [PasswordKey], [Contact_EmailAddress], [Contact_PrimaryContact], [Contact_PrimaryContact2], [Contact_PrimaryContact3], [Address_Country], [Address_City], [Address_Town], [Address_StreetAddress], [Address_StreetAddress2], [RowId], [DateCreated], [DateModified], [EntityStatus]) VALUES (N'fd13c6cf-c085-4dab-86f4-4621c4873100', N'', N'Kwamena', N'Ansah', N'', N'Kwamena Ansah', N'', 0, 0, 0, N'Customer', N'0', 0x1EB9D76DBA0B1341D092FEE0299A6186B64F7BCE5BA7C62CA1C6FC7B65D80B910D4F159C66D70F9CDFE344BF3B09FC269B146ACF5187381F6AFCB979FC988C57, 0x2F0D7847D353B9A163E0A6FDAEB2A622235F1092E1062FFB381DA65F3E59BA3CA71DEB90CE17B887E99149CBE8CC4D2FB67983C0516B425F9A084852F8D2B5E903BF84DCFCD8FA67341FC1C85A015EE08B5B8992FBF7E588999544DBADDDF92AC66DADC5EBC81862632AA54B0DB8CB8CF20BACB511646C9B9925EB5FCD153140, N'', N'+233249795541', N'', N'', 0, N'', N'', N'', N'', 14, CAST(N'2022-11-02T12:48:45.8356252' AS DateTime2), CAST(N'2022-10-21T01:48:03.9641698' AS DateTime2), N'Normal')
GO
SET IDENTITY_INSERT [dbo].[Users] OFF
GO
INSERT [dbo].[LanguagesUsers] ([LanguagesId], [UsersId]) VALUES (N'7e4d6736-2f50-4616-9df4-46696dccc178', N'58a45f6a-3513-4489-a59b-89b922ee5303')
GO
INSERT [dbo].[LanguagesUsers] ([LanguagesId], [UsersId]) VALUES (N'bbb508fa-bbd0-4879-8212-9ae2eaeadee0', N'58a45f6a-3513-4489-a59b-89b922ee5303')
GO
INSERT [dbo].[LanguagesUsers] ([LanguagesId], [UsersId]) VALUES (N'ea29f141-7b61-4f63-b6e0-b37e146d1cad', N'58a45f6a-3513-4489-a59b-89b922ee5303')
GO
INSERT [dbo].[LanguagesUsers] ([LanguagesId], [UsersId]) VALUES (N'7e4d6736-2f50-4616-9df4-46696dccc178', N'774a6d79-f46b-4049-bb42-24d4165d1f70')
GO
INSERT [dbo].[LanguagesUsers] ([LanguagesId], [UsersId]) VALUES (N'bbb508fa-bbd0-4879-8212-9ae2eaeadee0', N'774a6d79-f46b-4049-bb42-24d4165d1f70')
GO
INSERT [dbo].[LanguagesUsers] ([LanguagesId], [UsersId]) VALUES (N'7e4d6736-2f50-4616-9df4-46696dccc178', N'a1cdbaa5-3d4c-4b5f-aad8-76d81a60dec8')
GO
INSERT [dbo].[LanguagesUsers] ([LanguagesId], [UsersId]) VALUES (N'bbb508fa-bbd0-4879-8212-9ae2eaeadee0', N'a1cdbaa5-3d4c-4b5f-aad8-76d81a60dec8')
GO
INSERT [dbo].[LanguagesUsers] ([LanguagesId], [UsersId]) VALUES (N'7e4d6736-2f50-4616-9df4-46696dccc178', N'a2a9f274-e67b-4235-80ee-9f9f58d3c457')
GO
INSERT [dbo].[LanguagesUsers] ([LanguagesId], [UsersId]) VALUES (N'bbb508fa-bbd0-4879-8212-9ae2eaeadee0', N'a2a9f274-e67b-4235-80ee-9f9f58d3c457')
GO
INSERT [dbo].[LanguagesUsers] ([LanguagesId], [UsersId]) VALUES (N'bbb508fa-bbd0-4879-8212-9ae2eaeadee0', N'ef7769e9-6015-486a-a98f-3b923ec73b78')
GO
SET IDENTITY_INSERT [dbo].[Services] ON
GO
INSERT [dbo].[Services] ([Id], [Name], [Description], [RowId], [DateCreated], [DateModified], [EntityStatus]) VALUES (N'38c7bda5-42c4-4e3b-9ab3-a652b9d978ce', N'Mechanics', N'', 1, CAST(N'2022-09-03T09:24:10.7100221' AS DateTime2), CAST(N'2022-09-03T09:24:10.7100220' AS DateTime2), N'Normal')
GO
INSERT [dbo].[Services] ([Id], [Name], [Description], [RowId], [DateCreated], [DateModified], [EntityStatus]) VALUES (N'6079bd37-b82d-4f3b-864d-2ee0ed7fd404', N'Electrical Works', N'', 2, CAST(N'2022-09-03T09:24:10.7100208' AS DateTime2), CAST(N'2022-09-03T09:24:10.7100206' AS DateTime2), N'Normal')
GO
INSERT [dbo].[Services] ([Id], [Name], [Description], [RowId], [DateCreated], [DateModified], [EntityStatus]) VALUES (N'78d65de4-a3fa-4291-bf1a-f223b2be411d', N'Masonry', N'', 3, CAST(N'2022-09-03T09:24:10.7098600' AS DateTime2), CAST(N'2022-09-03T09:24:10.7097143' AS DateTime2), N'Normal')
GO
INSERT [dbo].[Services] ([Id], [Name], [Description], [RowId], [DateCreated], [DateModified], [EntityStatus]) VALUES (N'83a1cba2-3069-43b7-9e07-0d7dd8a495c5', N'Plumbing', N'', 4, CAST(N'2022-09-03T09:24:10.7100216' AS DateTime2), CAST(N'2022-09-03T09:24:10.7100215' AS DateTime2), N'Normal')
GO
INSERT [dbo].[Services] ([Id], [Name], [Description], [RowId], [DateCreated], [DateModified], [EntityStatus]) VALUES (N'a1771119-146c-4f4e-b4c8-093d81301174', N'Painting', N'', 5, CAST(N'2022-09-03T09:24:10.7100260' AS DateTime2), CAST(N'2022-09-03T09:24:10.7100259' AS DateTime2), N'Normal')
GO
INSERT [dbo].[Services] ([Id], [Name], [Description], [RowId], [DateCreated], [DateModified], [EntityStatus]) VALUES (N'a6b1bf41-f6c7-477f-a7cb-1c6c179a2c1e', N'Carpentry', N'', 6, CAST(N'2022-09-03T09:24:10.7100226' AS DateTime2), CAST(N'2022-09-03T09:24:10.7100225' AS DateTime2), N'Normal')
GO
SET IDENTITY_INSERT [dbo].[Services] OFF
GO
SET IDENTITY_INSERT [dbo].[Artisans] ON
GO
INSERT [dbo].[Artisans] ([Id], [UserId], [BusinessName], [Type], [ECCN], [Description], [IsVerified], [IsApproved], [RowId], [DateCreated], [DateModified], [EntityStatus]) VALUES (N'59befe0e-2151-49cf-b557-e761f72fa42b', N'a1cdbaa5-3d4c-4b5f-aad8-76d81a60dec8', N'Creative Works', N'Individual', NULL, N'', 0, 0, 1, CAST(N'2022-10-13T16:55:13.1637496' AS DateTime2), CAST(N'2022-10-13T15:22:40.7890357' AS DateTime2), N'Normal')
GO
INSERT [dbo].[Artisans] ([Id], [UserId], [BusinessName], [Type], [ECCN], [Description], [IsVerified], [IsApproved], [RowId], [DateCreated], [DateModified], [EntityStatus]) VALUES (N'63ad3096-20f9-442e-b661-534c8f6419fd', N'589726b6-e029-4d76-8980-fe8c9a93bdb1', N'Gideon Apaloo', N'Individual', NULL, N'', 0, 0, 2, CAST(N'2022-11-16T14:50:48.1258097' AS DateTime2), CAST(N'2022-10-21T01:48:03.9565276' AS DateTime2), N'Normal')
GO
INSERT [dbo].[Artisans] ([Id], [UserId], [BusinessName], [Type], [ECCN], [Description], [IsVerified], [IsApproved], [RowId], [DateCreated], [DateModified], [EntityStatus]) VALUES (N'71723150-1700-43bb-86bc-3c458b3be11c', N'774a6d79-f46b-4049-bb42-24d4165d1f70', N'Qface Group of Companies', N'Company', N'GH 12874673', N'We are a group of top quality software engineers...', 0, 0, 3, CAST(N'2022-10-13T04:49:18.9183718' AS DateTime2), CAST(N'2022-11-18T10:34:58.6529828' AS DateTime2), N'Normal')
GO
INSERT [dbo].[Artisans] ([Id], [UserId], [BusinessName], [Type], [ECCN], [Description], [IsVerified], [IsApproved], [RowId], [DateCreated], [DateModified], [EntityStatus]) VALUES (N'771023ca-73bb-4665-9ce9-eb6668536be5', N'ef7769e9-6015-486a-a98f-3b923ec73b78', N'Abeiku Ansah', N'Individual', NULL, N'', 0, 0, 4, CAST(N'2022-11-02T17:36:02.5897770' AS DateTime2), CAST(N'2022-11-02T17:39:47.4286156' AS DateTime2), N'Normal')
GO
INSERT [dbo].[Artisans] ([Id], [UserId], [BusinessName], [Type], [ECCN], [Description], [IsVerified], [IsApproved], [RowId], [DateCreated], [DateModified], [EntityStatus]) VALUES (N'ace31244-d91c-40e8-aad2-1ec103a5fc22', N'5d4b17c2-eb88-48ac-8262-f5151a234cfc', N'Kobby Just', N'Individual', NULL, N'', 0, 0, 5, CAST(N'2022-11-22T15:16:57.5694350' AS DateTime2), CAST(N'2022-10-21T01:48:03.9565276' AS DateTime2), N'Normal')
GO
SET IDENTITY_INSERT [dbo].[Artisans] OFF
GO
INSERT [dbo].[ArtisansServices] ([ArtisansId], [ServicesId]) VALUES (N'59befe0e-2151-49cf-b557-e761f72fa42b', N'6079bd37-b82d-4f3b-864d-2ee0ed7fd404')
GO
INSERT [dbo].[ArtisansServices] ([ArtisansId], [ServicesId]) VALUES (N'71723150-1700-43bb-86bc-3c458b3be11c', N'6079bd37-b82d-4f3b-864d-2ee0ed7fd404')
GO
INSERT [dbo].[ArtisansServices] ([ArtisansId], [ServicesId]) VALUES (N'71723150-1700-43bb-86bc-3c458b3be11c', N'a1771119-146c-4f4e-b4c8-093d81301174')
GO
INSERT [dbo].[ArtisansServices] ([ArtisansId], [ServicesId]) VALUES (N'71723150-1700-43bb-86bc-3c458b3be11c', N'a6b1bf41-f6c7-477f-a7cb-1c6c179a2c1e')
GO
INSERT [dbo].[ArtisansServices] ([ArtisansId], [ServicesId]) VALUES (N'771023ca-73bb-4665-9ce9-eb6668536be5', N'a6b1bf41-f6c7-477f-a7cb-1c6c179a2c1e')
GO
SET IDENTITY_INSERT [dbo].[Customers] ON
GO
INSERT [dbo].[Customers] ([Id], [UserId], [RowId], [DateCreated], [DateModified], [EntityStatus]) VALUES (N'109e86d1-2458-4c7f-89e4-5eb28e0a1972', N'f7994397-a0f4-420c-b3ec-245ee78ed3c9', 1, CAST(N'2022-11-22T12:33:39.4468494' AS DateTime2), CAST(N'2022-10-21T01:48:03.9568832' AS DateTime2), N'Normal')
GO
INSERT [dbo].[Customers] ([Id], [UserId], [RowId], [DateCreated], [DateModified], [EntityStatus]) VALUES (N'157106ce-069a-42d8-a5f9-4e3ce65c4e8e', N'e5eb9ca9-b24a-4a7b-9450-c04beca9d90b', 2, CAST(N'2022-11-12T16:14:06.7719325' AS DateTime2), CAST(N'2022-10-21T01:48:03.9568832' AS DateTime2), N'Normal')
GO
INSERT [dbo].[Customers] ([Id], [UserId], [RowId], [DateCreated], [DateModified], [EntityStatus]) VALUES (N'192c4b73-74e7-4615-ae47-f1590b0888d2', N'cdcb7ae2-ab61-4b64-87bc-e2e4392c4f5a', 3, CAST(N'2022-11-02T13:05:10.7299653' AS DateTime2), CAST(N'2022-10-21T01:48:03.9568832' AS DateTime2), N'Normal')
GO
INSERT [dbo].[Customers] ([Id], [UserId], [RowId], [DateCreated], [DateModified], [EntityStatus]) VALUES (N'1a9a2698-e009-460c-8c6c-fe565899b634', N'a2a9f274-e67b-4235-80ee-9f9f58d3c457', 4, CAST(N'2022-10-13T10:34:01.6363597' AS DateTime2), CAST(N'2022-10-11T23:46:23.9167157' AS DateTime2), N'Normal')
GO
INSERT [dbo].[Customers] ([Id], [UserId], [RowId], [DateCreated], [DateModified], [EntityStatus]) VALUES (N'379ede40-e23f-4805-bc36-5bfad0f80204', N'fd13c6cf-c085-4dab-86f4-4621c4873100', 5, CAST(N'2022-11-02T12:48:47.6822950' AS DateTime2), CAST(N'2022-10-21T01:48:03.9568832' AS DateTime2), N'Normal')
GO
INSERT [dbo].[Customers] ([Id], [UserId], [RowId], [DateCreated], [DateModified], [EntityStatus]) VALUES (N'5d4c3706-6fff-4954-8d32-6bc0da182a2a', N'58a45f6a-3513-4489-a59b-89b922ee5303', 6, CAST(N'2022-10-14T01:00:55.4475250' AS DateTime2), CAST(N'2022-10-13T15:22:40.7899548' AS DateTime2), N'Normal')
GO
INSERT [dbo].[Customers] ([Id], [UserId], [RowId], [DateCreated], [DateModified], [EntityStatus]) VALUES (N'6c3ce0b5-c3fb-4b76-b173-dc3c6953d47b', N'5a58457b-ea5f-40ab-b238-2424efd2014a', 7, CAST(N'2022-11-17T20:56:43.5346172' AS DateTime2), CAST(N'2022-10-21T01:48:03.9568832' AS DateTime2), N'Normal')
GO
INSERT [dbo].[Customers] ([Id], [UserId], [RowId], [DateCreated], [DateModified], [EntityStatus]) VALUES (N'e023b2fc-1389-4182-a9db-fd487e5e6c49', N'50aeaf54-ebfc-4676-aa59-83e7569caa86', 8, CAST(N'2022-10-14T01:00:19.9367495' AS DateTime2), CAST(N'2022-10-13T15:22:40.7899548' AS DateTime2), N'Normal')
GO
INSERT [dbo].[Customers] ([Id], [UserId], [RowId], [DateCreated], [DateModified], [EntityStatus]) VALUES (N'f070cf5c-2393-4dac-949f-827ece5b42eb', N'b273dc82-752a-46c9-b359-44116c810dca', 9, CAST(N'2022-10-28T13:09:40.8303880' AS DateTime2), CAST(N'2022-10-21T01:48:03.9568832' AS DateTime2), N'Normal')
GO
SET IDENTITY_INSERT [dbo].[Customers] OFF
GO
SET IDENTITY_INSERT [dbo].[Orders] ON
GO
INSERT [dbo].[Orders] ([Id], [ReferenceNo], [CustomerId], [ArtisanId], [IsComplete], [IsArtisanComplete], [IsRequestAccepted], [ServiceId], [Description], [Cost], [PaymentMade], [Urgency], [Scope], [Status], [PreferredStartDate], [PreferredCompletionDate], [WorkAddress_Country], [WorkAddress_City], [WorkAddress_Town], [WorkAddress_StreetAddress], [WorkAddress_StreetAddress2], [RowId], [DateCreated], [DateModified], [EntityStatus]) VALUES (N'1512fd2c-9c75-462d-ab67-2aaa3d18bba6', N'TZYEZRSDDQWL', N'5d4c3706-6fff-4954-8d32-6bc0da182a2a', N'71723150-1700-43bb-86bc-3c458b3be11c', 1, 1, 1, N'6079bd37-b82d-4f3b-864d-2ee0ed7fd404', N'Dispute test', CAST(687.00 AS Decimal(18, 2)), CAST(0.00 AS Decimal(18, 2)), N'Medium', N'Maintenance', N'Completed', CAST(N'2022-10-16T21:40:13.9182100' AS DateTime2), CAST(N'2022-10-16T21:40:13.9183722' AS DateTime2), N'Ghana', NULL, N'Takoradi', N'Anaji-Estate, Takoradi', NULL, 1, CAST(N'2022-10-15T21:40:13.8462627' AS DateTime2), CAST(N'2022-11-08T13:01:18.2195362' AS DateTime2), N'Normal')
GO
INSERT [dbo].[Orders] ([Id], [ReferenceNo], [CustomerId], [ArtisanId], [IsComplete], [IsArtisanComplete], [IsRequestAccepted], [ServiceId], [Description], [Cost], [PaymentMade], [Urgency], [Scope], [Status], [PreferredStartDate], [PreferredCompletionDate], [WorkAddress_Country], [WorkAddress_City], [WorkAddress_Town], [WorkAddress_StreetAddress], [WorkAddress_StreetAddress2], [RowId], [DateCreated], [DateModified], [EntityStatus]) VALUES (N'22b849a0-65cd-4538-ac48-e186a9dc9e97', N'ONBDGKKKIZOJ', N'1a9a2698-e009-460c-8c6c-fe565899b634', NULL, 0, 1, 0, N'a6b1bf41-f6c7-477f-a7cb-1c6c179a2c1e', N'Kitchen cabinet', CAST(0.00 AS Decimal(18, 2)), CAST(0.00 AS Decimal(18, 2)), N'Medium', N'New', N'Placed', CAST(N'2022-11-18T00:00:00.0000000' AS DateTime2), CAST(N'2022-11-19T00:00:00.0000000' AS DateTime2), N'Ghana', NULL, N'Takoradi ', N'Bakaado', NULL, 2, CAST(N'2022-11-17T03:40:07.9557162' AS DateTime2), CAST(N'2022-11-17T03:44:33.7934979' AS DateTime2), N'Deleted')
GO
INSERT [dbo].[Orders] ([Id], [ReferenceNo], [CustomerId], [ArtisanId], [IsComplete], [IsArtisanComplete], [IsRequestAccepted], [ServiceId], [Description], [Cost], [PaymentMade], [Urgency], [Scope], [Status], [PreferredStartDate], [PreferredCompletionDate], [WorkAddress_Country], [WorkAddress_City], [WorkAddress_Town], [WorkAddress_StreetAddress], [WorkAddress_StreetAddress2], [RowId], [DateCreated], [DateModified], [EntityStatus]) VALUES (N'2ab21500-825f-4427-ad9a-d1576a2a63de', N'YVSMHICTFTIV', N'1a9a2698-e009-460c-8c6c-fe565899b634', NULL, 0, 1, 0, N'6079bd37-b82d-4f3b-864d-2ee0ed7fd404', N'Bed', CAST(0.00 AS Decimal(18, 2)), CAST(0.00 AS Decimal(18, 2)), N'Low', N'New', N'Placed', CAST(N'2022-11-09T16:12:48.8613158' AS DateTime2), CAST(N'2022-11-09T16:12:48.8614786' AS DateTime2), N'Ghana', NULL, N'Takoradi ', N'Kansa', NULL, 3, CAST(N'2022-11-08T16:12:48.7854235' AS DateTime2), CAST(N'2022-10-21T01:48:03.9578179' AS DateTime2), N'Normal')
GO
INSERT [dbo].[Orders] ([Id], [ReferenceNo], [CustomerId], [ArtisanId], [IsComplete], [IsArtisanComplete], [IsRequestAccepted], [ServiceId], [Description], [Cost], [PaymentMade], [Urgency], [Scope], [Status], [PreferredStartDate], [PreferredCompletionDate], [WorkAddress_Country], [WorkAddress_City], [WorkAddress_Town], [WorkAddress_StreetAddress], [WorkAddress_StreetAddress2], [RowId], [DateCreated], [DateModified], [EntityStatus]) VALUES (N'35fc3e61-d237-494e-8444-dc7f3202331c', N'KIBGOVELBOSE', N'192c4b73-74e7-4615-ae47-f1590b0888d2', NULL, 0, 0, 0, N'a6b1bf41-f6c7-477f-a7cb-1c6c179a2c1e', N'I need someone to fix my door lock and also the warddrobe.', CAST(0.00 AS Decimal(18, 2)), CAST(0.00 AS Decimal(18, 2)), N'Low', N'New', N'Placed', CAST(N'2022-11-03T13:36:38.3437480' AS DateTime2), CAST(N'2022-12-09T00:00:00.0000000' AS DateTime2), N'Ghana', NULL, N'Tarkwa', N'University of Mines and Technology', NULL, 4, CAST(N'2022-11-02T13:36:38.3020471' AS DateTime2), CAST(N'2022-10-21T01:48:03.9578179' AS DateTime2), N'Normal')
GO
INSERT [dbo].[Orders] ([Id], [ReferenceNo], [CustomerId], [ArtisanId], [IsComplete], [IsArtisanComplete], [IsRequestAccepted], [ServiceId], [Description], [Cost], [PaymentMade], [Urgency], [Scope], [Status], [PreferredStartDate], [PreferredCompletionDate], [WorkAddress_Country], [WorkAddress_City], [WorkAddress_Town], [WorkAddress_StreetAddress], [WorkAddress_StreetAddress2], [RowId], [DateCreated], [DateModified], [EntityStatus]) VALUES (N'4357bf49-4938-44c2-851a-25356932d501', N'TMCDWQKBOKPZ', N'5d4c3706-6fff-4954-8d32-6bc0da182a2a', N'71723150-1700-43bb-86bc-3c458b3be11c', 0, 0, 1, N'6079bd37-b82d-4f3b-864d-2ee0ed7fd404', N'Payment Test', CAST(20.00 AS Decimal(18, 2)), CAST(0.00 AS Decimal(18, 2)), N'Medium', N'New', N'Placed', CAST(N'2022-11-20T22:21:03.1473067' AS DateTime2), CAST(N'2022-11-20T22:21:03.1474936' AS DateTime2), N'Ghana', NULL, N'Takoradi', N'Anaji-Estate, Takoradi', NULL, 5, CAST(N'2022-11-19T22:21:02.8938080' AS DateTime2), CAST(N'2022-11-19T23:02:40.7423782' AS DateTime2), N'Normal')
GO
INSERT [dbo].[Orders] ([Id], [ReferenceNo], [CustomerId], [ArtisanId], [IsComplete], [IsArtisanComplete], [IsRequestAccepted], [ServiceId], [Description], [Cost], [PaymentMade], [Urgency], [Scope], [Status], [PreferredStartDate], [PreferredCompletionDate], [WorkAddress_Country], [WorkAddress_City], [WorkAddress_Town], [WorkAddress_StreetAddress], [WorkAddress_StreetAddress2], [RowId], [DateCreated], [DateModified], [EntityStatus]) VALUES (N'46c11d0a-542e-4a4f-83fe-0ca30e4177c2', N'AGNQZIMIAJGL', N'5d4c3706-6fff-4954-8d32-6bc0da182a2a', NULL, 0, 0, 0, N'6079bd37-b82d-4f3b-864d-2ee0ed7fd404', N'Strolling', CAST(0.00 AS Decimal(18, 2)), CAST(0.00 AS Decimal(18, 2)), N'Medium', N'New', N'Placed', CAST(N'2022-10-19T13:47:35.1338730' AS DateTime2), CAST(N'2022-10-19T13:47:35.1340398' AS DateTime2), N'Ghana', NULL, N'Takoradi', N'Anaji-Estate, Takoradi', NULL, 6, CAST(N'2022-10-18T13:47:35.0835053' AS DateTime2), CAST(N'2022-11-10T21:56:05.0000267' AS DateTime2), N'Deleted')
GO
INSERT [dbo].[Orders] ([Id], [ReferenceNo], [CustomerId], [ArtisanId], [IsComplete], [IsArtisanComplete], [IsRequestAccepted], [ServiceId], [Description], [Cost], [PaymentMade], [Urgency], [Scope], [Status], [PreferredStartDate], [PreferredCompletionDate], [WorkAddress_Country], [WorkAddress_City], [WorkAddress_Town], [WorkAddress_StreetAddress], [WorkAddress_StreetAddress2], [RowId], [DateCreated], [DateModified], [EntityStatus]) VALUES (N'56922345-ade3-4200-a454-a21409c7d2bd', N'GFLOZDKPXNKN', N'5d4c3706-6fff-4954-8d32-6bc0da182a2a', NULL, 0, 0, 0, N'6079bd37-b82d-4f3b-864d-2ee0ed7fd404', N'Delete check', CAST(0.00 AS Decimal(18, 2)), CAST(0.00 AS Decimal(18, 2)), N'High', N'New', N'Placed', CAST(N'2022-11-11T22:01:45.6287799' AS DateTime2), CAST(N'2022-11-11T22:01:45.6287838' AS DateTime2), N'Ghana', NULL, N'Takoradi', N'Anaji-Estate, Takoradi', NULL, 7, CAST(N'2022-11-10T22:01:44.7746866' AS DateTime2), CAST(N'2022-11-10T22:05:25.2744268' AS DateTime2), N'Deleted')
GO
INSERT [dbo].[Orders] ([Id], [ReferenceNo], [CustomerId], [ArtisanId], [IsComplete], [IsArtisanComplete], [IsRequestAccepted], [ServiceId], [Description], [Cost], [PaymentMade], [Urgency], [Scope], [Status], [PreferredStartDate], [PreferredCompletionDate], [WorkAddress_Country], [WorkAddress_City], [WorkAddress_Town], [WorkAddress_StreetAddress], [WorkAddress_StreetAddress2], [RowId], [DateCreated], [DateModified], [EntityStatus]) VALUES (N'6fcbdb32-cb70-465f-a964-0273f9eb28f1', N'ZQDBKDHPHLMF', N'6c3ce0b5-c3fb-4b76-b173-dc3c6953d47b', N'71723150-1700-43bb-86bc-3c458b3be11c', 0, 0, 1, N'6079bd37-b82d-4f3b-864d-2ee0ed7fd404', N'fixing of bulbs', CAST(0.00 AS Decimal(18, 2)), CAST(0.00 AS Decimal(18, 2)), N'Medium', N'New', N'Placed', CAST(N'2022-11-19T00:00:00.0000000' AS DateTime2), CAST(N'2022-11-21T00:00:00.0000000' AS DateTime2), N'Ghana', NULL, N'Tarkwa', N'University of Mines and Technology', NULL, 8, CAST(N'2022-11-17T21:15:24.7206658' AS DateTime2), CAST(N'2022-11-19T22:31:33.0086852' AS DateTime2), N'Normal')
GO
INSERT [dbo].[Orders] ([Id], [ReferenceNo], [CustomerId], [ArtisanId], [IsComplete], [IsArtisanComplete], [IsRequestAccepted], [ServiceId], [Description], [Cost], [PaymentMade], [Urgency], [Scope], [Status], [PreferredStartDate], [PreferredCompletionDate], [WorkAddress_Country], [WorkAddress_City], [WorkAddress_Town], [WorkAddress_StreetAddress], [WorkAddress_StreetAddress2], [RowId], [DateCreated], [DateModified], [EntityStatus]) VALUES (N'710ff9cb-46ad-41d3-9261-430f8ee72848', N'OMVFPTGHNQCL', N'5d4c3706-6fff-4954-8d32-6bc0da182a2a', NULL, 0, 0, 0, N'6079bd37-b82d-4f3b-864d-2ee0ed7fd404', N'Delete check', CAST(0.00 AS Decimal(18, 2)), CAST(0.00 AS Decimal(18, 2)), N'High', N'New', N'Placed', CAST(N'2022-11-11T22:01:18.3885528' AS DateTime2), CAST(N'2022-11-11T22:01:18.3888575' AS DateTime2), N'Ghana', NULL, N'Takoradi', N'Anaji-Estate, Takoradi', NULL, 9, CAST(N'2022-11-10T22:01:17.5454417' AS DateTime2), CAST(N'2022-11-10T22:02:16.7556507' AS DateTime2), N'Deleted')
GO
INSERT [dbo].[Orders] ([Id], [ReferenceNo], [CustomerId], [ArtisanId], [IsComplete], [IsArtisanComplete], [IsRequestAccepted], [ServiceId], [Description], [Cost], [PaymentMade], [Urgency], [Scope], [Status], [PreferredStartDate], [PreferredCompletionDate], [WorkAddress_Country], [WorkAddress_City], [WorkAddress_Town], [WorkAddress_StreetAddress], [WorkAddress_StreetAddress2], [RowId], [DateCreated], [DateModified], [EntityStatus]) VALUES (N'871dc6a4-178f-473b-a8a0-b06683c31084', N'DJFNQJJBYWCP', N'5d4c3706-6fff-4954-8d32-6bc0da182a2a', NULL, 0, 0, 0, N'6079bd37-b82d-4f3b-864d-2ee0ed7fd404', N'Hello baby draegon delete', CAST(0.00 AS Decimal(18, 2)), CAST(0.00 AS Decimal(18, 2)), N'High', N'New', N'Placed', CAST(N'2022-11-11T22:08:05.9396048' AS DateTime2), CAST(N'2022-11-11T22:08:05.9396084' AS DateTime2), N'Ghana', NULL, N'Takoradi', N'Anaji-Estate, Takoradi', NULL, 10, CAST(N'2022-11-10T22:08:01.1931626' AS DateTime2), CAST(N'2022-11-10T22:44:32.2759474' AS DateTime2), N'Deleted')
GO
INSERT [dbo].[Orders] ([Id], [ReferenceNo], [CustomerId], [ArtisanId], [IsComplete], [IsArtisanComplete], [IsRequestAccepted], [ServiceId], [Description], [Cost], [PaymentMade], [Urgency], [Scope], [Status], [PreferredStartDate], [PreferredCompletionDate], [WorkAddress_Country], [WorkAddress_City], [WorkAddress_Town], [WorkAddress_StreetAddress], [WorkAddress_StreetAddress2], [RowId], [DateCreated], [DateModified], [EntityStatus]) VALUES (N'abbcc7c5-ac9e-46a8-a0fe-5d47f2be66f7', N'MBJAFDJDYZZB', N'5d4c3706-6fff-4954-8d32-6bc0da182a2a', N'71723150-1700-43bb-86bc-3c458b3be11c', 1, 1, 1, N'6079bd37-b82d-4f3b-864d-2ee0ed7fd404', N'Test UI', CAST(735.40 AS Decimal(18, 2)), CAST(0.00 AS Decimal(18, 2)), N'High', N'Maintenance', N'Completed', CAST(N'2022-11-04T17:43:54.5916931' AS DateTime2), CAST(N'2022-11-04T17:43:54.5918606' AS DateTime2), N'Ghana', NULL, N'IT Unit', N'Anaji-Estate, Takoradi', NULL, 11, CAST(N'2022-11-03T17:43:54.4861613' AS DateTime2), CAST(N'2022-11-19T22:01:39.8248620' AS DateTime2), N'Normal')
GO
INSERT [dbo].[Orders] ([Id], [ReferenceNo], [CustomerId], [ArtisanId], [IsComplete], [IsArtisanComplete], [IsRequestAccepted], [ServiceId], [Description], [Cost], [PaymentMade], [Urgency], [Scope], [Status], [PreferredStartDate], [PreferredCompletionDate], [WorkAddress_Country], [WorkAddress_City], [WorkAddress_Town], [WorkAddress_StreetAddress], [WorkAddress_StreetAddress2], [RowId], [DateCreated], [DateModified], [EntityStatus]) VALUES (N'c4a0cf8d-30a0-4b69-962b-e9697312a45c', N'KYZFTGIZKCTE', N'5d4c3706-6fff-4954-8d32-6bc0da182a2a', NULL, 0, 0, 0, N'a1771119-146c-4f4e-b4c8-093d81301174', N'Hello baby draegon delete 3', CAST(0.00 AS Decimal(18, 2)), CAST(0.00 AS Decimal(18, 2)), N'Low', N'Maintenance', N'Placed', CAST(N'2022-11-17T00:00:00.0000000' AS DateTime2), CAST(N'2022-11-25T00:00:00.0000000' AS DateTime2), N'Ghana', NULL, N'Takoradi', N'Anaji-Estate, Takoradi', NULL, 12, CAST(N'2022-11-10T22:19:36.2409441' AS DateTime2), CAST(N'2022-11-10T22:20:04.7805682' AS DateTime2), N'Deleted')
GO
INSERT [dbo].[Orders] ([Id], [ReferenceNo], [CustomerId], [ArtisanId], [IsComplete], [IsArtisanComplete], [IsRequestAccepted], [ServiceId], [Description], [Cost], [PaymentMade], [Urgency], [Scope], [Status], [PreferredStartDate], [PreferredCompletionDate], [WorkAddress_Country], [WorkAddress_City], [WorkAddress_Town], [WorkAddress_StreetAddress], [WorkAddress_StreetAddress2], [RowId], [DateCreated], [DateModified], [EntityStatus]) VALUES (N'c51b4ce1-4920-4165-81d3-4406878f01dc', N'DZVCGKRHCLTT', N'5d4c3706-6fff-4954-8d32-6bc0da182a2a', N'71723150-1700-43bb-86bc-3c458b3be11c', 0, 0, 1, N'a6b1bf41-f6c7-477f-a7cb-1c6c179a2c1e', N'Test me', CAST(600.00 AS Decimal(18, 2)), CAST(0.00 AS Decimal(18, 2)), N'Medium', N'New', N'Placed', CAST(N'2022-10-22T11:53:54.1230508' AS DateTime2), CAST(N'2022-10-22T11:53:54.1232151' AS DateTime2), N'Ghana', NULL, N'Tarkwa', N'UMaT, Tarkwa', NULL, 13, CAST(N'2022-10-21T11:53:54.0511644' AS DateTime2), CAST(N'2022-11-15T15:55:53.9136293' AS DateTime2), N'Normal')
GO
INSERT [dbo].[Orders] ([Id], [ReferenceNo], [CustomerId], [ArtisanId], [IsComplete], [IsArtisanComplete], [IsRequestAccepted], [ServiceId], [Description], [Cost], [PaymentMade], [Urgency], [Scope], [Status], [PreferredStartDate], [PreferredCompletionDate], [WorkAddress_Country], [WorkAddress_City], [WorkAddress_Town], [WorkAddress_StreetAddress], [WorkAddress_StreetAddress2], [RowId], [DateCreated], [DateModified], [EntityStatus]) VALUES (N'cb96b35b-518a-4a9b-90ee-20ad43a23a5b', N'KHERMSIQMNJV', N'1a9a2698-e009-460c-8c6c-fe565899b634', N'59befe0e-2151-49cf-b557-e761f72fa42b', 0, 0, 1, N'6079bd37-b82d-4f3b-864d-2ee0ed7fd404', N'Faulty line', CAST(200.00 AS Decimal(18, 2)), CAST(0.00 AS Decimal(18, 2)), N'Low', N'New', N'Placed', CAST(N'2022-10-14T17:00:31.1297572' AS DateTime2), CAST(N'2022-10-14T17:00:31.1299193' AS DateTime2), N'Ghana', NULL, N'Takoradi ', N'Bakaado', NULL, 14, CAST(N'2022-10-13T17:00:31.0589406' AS DateTime2), CAST(N'2022-10-13T15:22:40.7938026' AS DateTime2), N'Normal')
GO
INSERT [dbo].[Orders] ([Id], [ReferenceNo], [CustomerId], [ArtisanId], [IsComplete], [IsArtisanComplete], [IsRequestAccepted], [ServiceId], [Description], [Cost], [PaymentMade], [Urgency], [Scope], [Status], [PreferredStartDate], [PreferredCompletionDate], [WorkAddress_Country], [WorkAddress_City], [WorkAddress_Town], [WorkAddress_StreetAddress], [WorkAddress_StreetAddress2], [RowId], [DateCreated], [DateModified], [EntityStatus]) VALUES (N'cbec8ae9-ed1c-4108-8649-8614ccb63593', N'BKOBEVHLTIEU', N'5d4c3706-6fff-4954-8d32-6bc0da182a2a', NULL, 0, 0, 0, N'a6b1bf41-f6c7-477f-a7cb-1c6c179a2c1e', N'Hello baby draegon delete 3', CAST(0.00 AS Decimal(18, 2)), CAST(0.00 AS Decimal(18, 2)), N'Medium', N'Maintenance', N'Placed', CAST(N'2022-11-11T00:00:00.0000000' AS DateTime2), CAST(N'2022-11-12T00:00:00.0000000' AS DateTime2), N'Ghana', NULL, N'Tarkwa', N'UMaT, Tarkwa', NULL, 15, CAST(N'2022-11-10T22:45:39.1448015' AS DateTime2), CAST(N'2022-11-10T22:46:11.8453868' AS DateTime2), N'Deleted')
GO
INSERT [dbo].[Orders] ([Id], [ReferenceNo], [CustomerId], [ArtisanId], [IsComplete], [IsArtisanComplete], [IsRequestAccepted], [ServiceId], [Description], [Cost], [PaymentMade], [Urgency], [Scope], [Status], [PreferredStartDate], [PreferredCompletionDate], [WorkAddress_Country], [WorkAddress_City], [WorkAddress_Town], [WorkAddress_StreetAddress], [WorkAddress_StreetAddress2], [RowId], [DateCreated], [DateModified], [EntityStatus]) VALUES (N'cf982636-1682-4915-8e84-1a23d3b46d0b', N'VDVANOIQLMJV', N'1a9a2698-e009-460c-8c6c-fe565899b634', N'771023ca-73bb-4665-9ce9-eb6668536be5', 0, 0, 0, N'a6b1bf41-f6c7-477f-a7cb-1c6c179a2c1e', N'caboard', CAST(0.00 AS Decimal(18, 2)), CAST(0.00 AS Decimal(18, 2)), N'Medium', N'New', N'Placed', CAST(N'2022-11-25T00:00:00.0000000' AS DateTime2), CAST(N'2022-11-26T00:00:00.0000000' AS DateTime2), N'Ghana', NULL, N'Takoradi', N'SSNIT', NULL, 16, CAST(N'2022-11-21T11:03:47.3123187' AS DateTime2), CAST(N'2022-11-21T11:04:15.8034148' AS DateTime2), N'Normal')
GO
INSERT [dbo].[Orders] ([Id], [ReferenceNo], [CustomerId], [ArtisanId], [IsComplete], [IsArtisanComplete], [IsRequestAccepted], [ServiceId], [Description], [Cost], [PaymentMade], [Urgency], [Scope], [Status], [PreferredStartDate], [PreferredCompletionDate], [WorkAddress_Country], [WorkAddress_City], [WorkAddress_Town], [WorkAddress_StreetAddress], [WorkAddress_StreetAddress2], [RowId], [DateCreated], [DateModified], [EntityStatus]) VALUES (N'e23fa217-5d5d-4c1d-895d-e32abbcc5f11', N'GSAZBWPTNNQF', N'5d4c3706-6fff-4954-8d32-6bc0da182a2a', NULL, 0, 0, 0, N'6079bd37-b82d-4f3b-864d-2ee0ed7fd404', N'Hello baby draegon delete 2', CAST(0.00 AS Decimal(18, 2)), CAST(0.00 AS Decimal(18, 2)), N'Medium', N'New', N'Placed', CAST(N'2022-11-11T00:00:00.0000000' AS DateTime2), CAST(N'2022-11-11T00:00:00.0000000' AS DateTime2), N'Ghana', NULL, N'Takoradi', N'Anaji-Estate, Takoradi', NULL, 17, CAST(N'2022-11-10T22:12:08.8333734' AS DateTime2), CAST(N'2022-11-10T22:39:46.0064511' AS DateTime2), N'Deleted')
GO
INSERT [dbo].[Orders] ([Id], [ReferenceNo], [CustomerId], [ArtisanId], [IsComplete], [IsArtisanComplete], [IsRequestAccepted], [ServiceId], [Description], [Cost], [PaymentMade], [Urgency], [Scope], [Status], [PreferredStartDate], [PreferredCompletionDate], [WorkAddress_Country], [WorkAddress_City], [WorkAddress_Town], [WorkAddress_StreetAddress], [WorkAddress_StreetAddress2], [RowId], [DateCreated], [DateModified], [EntityStatus]) VALUES (N'f0f3bc96-0859-4bbb-9f34-17b74dad7de9', N'PVXMCBLVXZPG', N'5d4c3706-6fff-4954-8d32-6bc0da182a2a', NULL, 0, 0, 0, N'6079bd37-b82d-4f3b-864d-2ee0ed7fd404', N'Hello baby draegon delete 1', CAST(0.00 AS Decimal(18, 2)), CAST(0.00 AS Decimal(18, 2)), N'Medium', N'Maintenance', N'Placed', CAST(N'2022-11-16T00:00:00.0000000' AS DateTime2), CAST(N'2022-11-24T00:00:00.0000000' AS DateTime2), N'Ghana', NULL, N'Takoradi', N'Anaji-Estate, Takoradi', NULL, 18, CAST(N'2022-11-13T19:57:42.5008132' AS DateTime2), CAST(N'2022-11-13T20:00:11.8948987' AS DateTime2), N'Deleted')
GO
INSERT [dbo].[Orders] ([Id], [ReferenceNo], [CustomerId], [ArtisanId], [IsComplete], [IsArtisanComplete], [IsRequestAccepted], [ServiceId], [Description], [Cost], [PaymentMade], [Urgency], [Scope], [Status], [PreferredStartDate], [PreferredCompletionDate], [WorkAddress_Country], [WorkAddress_City], [WorkAddress_Town], [WorkAddress_StreetAddress], [WorkAddress_StreetAddress2], [RowId], [DateCreated], [DateModified], [EntityStatus]) VALUES (N'f36a6358-aba2-4996-ad67-aeee7993d14b', N'CVNJDGOMQZVF', N'5d4c3706-6fff-4954-8d32-6bc0da182a2a', NULL, 0, 0, 0, N'a6b1bf41-f6c7-477f-a7cb-1c6c179a2c1e', N'Hello baby draegon delete', CAST(0.00 AS Decimal(18, 2)), CAST(0.00 AS Decimal(18, 2)), N'Medium', N'Maintenance', N'Placed', CAST(N'2022-11-12T20:14:41.3677924' AS DateTime2), CAST(N'2022-11-12T20:14:41.3686355' AS DateTime2), N'Ghana', NULL, N'Takoradi', N'Anaji-Estate, Takoradi', NULL, 19, CAST(N'2022-11-11T20:14:39.8693192' AS DateTime2), CAST(N'2022-11-11T20:18:50.4241842' AS DateTime2), N'Deleted')
GO
INSERT [dbo].[Orders] ([Id], [ReferenceNo], [CustomerId], [ArtisanId], [IsComplete], [IsArtisanComplete], [IsRequestAccepted], [ServiceId], [Description], [Cost], [PaymentMade], [Urgency], [Scope], [Status], [PreferredStartDate], [PreferredCompletionDate], [WorkAddress_Country], [WorkAddress_City], [WorkAddress_Town], [WorkAddress_StreetAddress], [WorkAddress_StreetAddress2], [RowId], [DateCreated], [DateModified], [EntityStatus]) VALUES (N'f91de160-b085-4ec6-b54f-6e10a9ed5917', N'RWRZPMVOXUEG', N'5d4c3706-6fff-4954-8d32-6bc0da182a2a', NULL, 0, 0, 0, N'a6b1bf41-f6c7-477f-a7cb-1c6c179a2c1e', N'Hello baby draegon delete 1', CAST(0.00 AS Decimal(18, 2)), CAST(0.00 AS Decimal(18, 2)), N'High', N'New', N'Placed', CAST(N'2022-11-11T22:10:22.1820748' AS DateTime2), CAST(N'2022-11-11T22:10:22.1820760' AS DateTime2), N'Ghana', NULL, N'Takoradi', N'Anaji-Estate, Takoradi', NULL, 20, CAST(N'2022-11-10T22:10:20.4787573' AS DateTime2), CAST(N'2022-11-10T22:40:05.4097249' AS DateTime2), N'Deleted')
GO
SET IDENTITY_INSERT [dbo].[Orders] OFF
GO
SET IDENTITY_INSERT [dbo].[Images] ON
GO
INSERT [dbo].[Images] ([Id], [UserId], [PublicId], [ImageUrl], [RowId], [DateCreated], [DateModified], [EntityStatus]) VALUES (N'06d2c605-f3d3-412d-896c-b6f47d7ee643', NULL, N'nqyjmcwoj6dlveusgbet', N'https://res.cloudinary.com/kay-gyasi/image/upload/v1665919003/nqyjmcwoj6dlveusgbet.jpg', 1, CAST(N'0001-01-01T00:00:00.0000000' AS DateTime2), CAST(N'2022-10-13T15:22:40.7927878' AS DateTime2), N'Deleted')
GO
INSERT [dbo].[Images] ([Id], [UserId], [PublicId], [ImageUrl], [RowId], [DateCreated], [DateModified], [EntityStatus]) VALUES (N'15c2aaf0-254f-4657-b4fc-7bec20d2beb5', NULL, N'rvpn7xpc5wzqmotsxjmz', N'https://res.cloudinary.com/kay-gyasi/image/upload/v1665921974/rvpn7xpc5wzqmotsxjmz.jpg', 2, CAST(N'0001-01-01T00:00:00.0000000' AS DateTime2), CAST(N'2022-10-13T15:22:40.7927878' AS DateTime2), N'Deleted')
GO
INSERT [dbo].[Images] ([Id], [UserId], [PublicId], [ImageUrl], [RowId], [DateCreated], [DateModified], [EntityStatus]) VALUES (N'1ef4413b-c2c1-43a5-a6c2-d049bd228d41', NULL, N'wemwkib4nlcjeufdchbo', N'https://res.cloudinary.com/kay-gyasi/image/upload/v1665920392/wemwkib4nlcjeufdchbo.jpg', 3, CAST(N'0001-01-01T00:00:00.0000000' AS DateTime2), CAST(N'2022-10-13T15:22:40.7927878' AS DateTime2), N'Deleted')
GO
INSERT [dbo].[Images] ([Id], [UserId], [PublicId], [ImageUrl], [RowId], [DateCreated], [DateModified], [EntityStatus]) VALUES (N'267a7a39-d204-476b-8417-315a75fb01e9', NULL, N'rvsvpgxi7qqgrwnuflv3', N'https://res.cloudinary.com/kay-gyasi/image/upload/v1665920802/rvsvpgxi7qqgrwnuflv3.jpg', 4, CAST(N'0001-01-01T00:00:00.0000000' AS DateTime2), CAST(N'2022-10-13T15:22:40.7927878' AS DateTime2), N'Deleted')
GO
INSERT [dbo].[Images] ([Id], [UserId], [PublicId], [ImageUrl], [RowId], [DateCreated], [DateModified], [EntityStatus]) VALUES (N'2f6a4dc6-30eb-49f5-b6e5-6540fbad7df2', NULL, N'pdpwwgehnnqapwlchzcc', N'https://res.cloudinary.com/kay-gyasi/image/upload/v1665920442/pdpwwgehnnqapwlchzcc.jpg', 5, CAST(N'0001-01-01T00:00:00.0000000' AS DateTime2), CAST(N'2022-10-13T15:22:40.7927878' AS DateTime2), N'Deleted')
GO
INSERT [dbo].[Images] ([Id], [UserId], [PublicId], [ImageUrl], [RowId], [DateCreated], [DateModified], [EntityStatus]) VALUES (N'3f07c905-8b8c-48e5-9ad4-99010e59f8c4', NULL, N'fgde8qebqen7qsglkv0u', N'https://res.cloudinary.com/kay-gyasi/image/upload/v1665923790/fgde8qebqen7qsglkv0u.jpg', 6, CAST(N'0001-01-01T00:00:00.0000000' AS DateTime2), CAST(N'2022-10-13T15:22:40.7927878' AS DateTime2), N'Deleted')
GO
INSERT [dbo].[Images] ([Id], [UserId], [PublicId], [ImageUrl], [RowId], [DateCreated], [DateModified], [EntityStatus]) VALUES (N'53f3c86d-65e9-430a-b3ab-65912b3792b3', NULL, N'vjuz5tb1tz3izt8oh7si', N'https://res.cloudinary.com/kay-gyasi/image/upload/v1665918501/vjuz5tb1tz3izt8oh7si.jpg', 7, CAST(N'0001-01-01T00:00:00.0000000' AS DateTime2), CAST(N'2022-10-13T15:22:40.7927878' AS DateTime2), N'Deleted')
GO
INSERT [dbo].[Images] ([Id], [UserId], [PublicId], [ImageUrl], [RowId], [DateCreated], [DateModified], [EntityStatus]) VALUES (N'670a5a9f-edea-4389-813f-5fad6bbc983a', N'774a6d79-f46b-4049-bb42-24d4165d1f70', N'mzg6ulnqmjahgqfds4gs', N'https://res.cloudinary.com/kay-gyasi/image/upload/v1665923946/mzg6ulnqmjahgqfds4gs.jpg', 8, CAST(N'0001-01-01T00:00:00.0000000' AS DateTime2), CAST(N'2022-10-13T15:22:40.7927878' AS DateTime2), N'Normal')
GO
INSERT [dbo].[Images] ([Id], [UserId], [PublicId], [ImageUrl], [RowId], [DateCreated], [DateModified], [EntityStatus]) VALUES (N'756b0384-e7bd-43af-9976-7a0bb289ed99', N'58a45f6a-3513-4489-a59b-89b922ee5303', N'oofotkhmroaa2tspvs3t', N'https://res.cloudinary.com/kay-gyasi/image/upload/v1665924179/oofotkhmroaa2tspvs3t.jpg', 9, CAST(N'0001-01-01T00:00:00.0000000' AS DateTime2), CAST(N'2022-10-13T15:22:40.7927878' AS DateTime2), N'Normal')
GO
INSERT [dbo].[Images] ([Id], [UserId], [PublicId], [ImageUrl], [RowId], [DateCreated], [DateModified], [EntityStatus]) VALUES (N'7c17e769-3e89-45ea-9f89-c04e8aa465ae', NULL, N'drpo2zlvfkbscvj3ghc9', N'https://res.cloudinary.com/kay-gyasi/image/upload/v1665921892/drpo2zlvfkbscvj3ghc9.jpg', 10, CAST(N'0001-01-01T00:00:00.0000000' AS DateTime2), CAST(N'2022-10-13T15:22:40.7927878' AS DateTime2), N'Deleted')
GO
INSERT [dbo].[Images] ([Id], [UserId], [PublicId], [ImageUrl], [RowId], [DateCreated], [DateModified], [EntityStatus]) VALUES (N'83d8a931-8dbe-417c-8908-c2b6cbc3c067', NULL, N'j3bzzyoxswjcghdvgoea', N'https://res.cloudinary.com/kay-gyasi/image/upload/v1665918284/j3bzzyoxswjcghdvgoea.png', 11, CAST(N'0001-01-01T00:00:00.0000000' AS DateTime2), CAST(N'2022-10-13T15:22:40.7927878' AS DateTime2), N'Deleted')
GO
INSERT [dbo].[Images] ([Id], [UserId], [PublicId], [ImageUrl], [RowId], [DateCreated], [DateModified], [EntityStatus]) VALUES (N'84532080-76f0-45a8-8a1e-0d7d224cc7ac', NULL, N'lnaxrmf0s6x15pq9gzza', N'https://res.cloudinary.com/kay-gyasi/image/upload/v1665919869/lnaxrmf0s6x15pq9gzza.jpg', 12, CAST(N'0001-01-01T00:00:00.0000000' AS DateTime2), CAST(N'2022-10-13T15:22:40.7927878' AS DateTime2), N'Deleted')
GO
INSERT [dbo].[Images] ([Id], [UserId], [PublicId], [ImageUrl], [RowId], [DateCreated], [DateModified], [EntityStatus]) VALUES (N'8c603e7d-c299-4bd1-bb08-79a111afaf3c', NULL, N'xnlnq1nja8vjpvilaykc', N'https://res.cloudinary.com/kay-gyasi/image/upload/v1665922355/xnlnq1nja8vjpvilaykc.jpg', 13, CAST(N'0001-01-01T00:00:00.0000000' AS DateTime2), CAST(N'2022-10-13T15:22:40.7927878' AS DateTime2), N'Deleted')
GO
INSERT [dbo].[Images] ([Id], [UserId], [PublicId], [ImageUrl], [RowId], [DateCreated], [DateModified], [EntityStatus]) VALUES (N'9c670c21-242e-4723-ae2a-22158ade9b9d', NULL, N'bhx6jwrv0bopz7on90au', N'https://res.cloudinary.com/kay-gyasi/image/upload/v1665919974/bhx6jwrv0bopz7on90au.jpg', 14, CAST(N'0001-01-01T00:00:00.0000000' AS DateTime2), CAST(N'2022-10-13T15:22:40.7927878' AS DateTime2), N'Deleted')
GO
INSERT [dbo].[Images] ([Id], [UserId], [PublicId], [ImageUrl], [RowId], [DateCreated], [DateModified], [EntityStatus]) VALUES (N'9dd061ba-3318-4d6a-a0c7-9634e75f7b7c', NULL, N'jnsp5u3j1yh3iwerlwuy', N'https://res.cloudinary.com/kay-gyasi/image/upload/v1665636719/jnsp5u3j1yh3iwerlwuy.jpg', 15, CAST(N'0001-01-01T00:00:00.0000000' AS DateTime2), CAST(N'2022-10-11T23:46:23.9179451' AS DateTime2), N'Deleted')
GO
INSERT [dbo].[Images] ([Id], [UserId], [PublicId], [ImageUrl], [RowId], [DateCreated], [DateModified], [EntityStatus]) VALUES (N'b94e88a8-33d9-43ee-9656-6a0313896030', NULL, N'ulpsvjwcq2mwa1k5ewdh', N'https://res.cloudinary.com/kay-gyasi/image/upload/v1665920727/ulpsvjwcq2mwa1k5ewdh.jpg', 16, CAST(N'0001-01-01T00:00:00.0000000' AS DateTime2), CAST(N'2022-10-13T15:22:40.7927878' AS DateTime2), N'Deleted')
GO
INSERT [dbo].[Images] ([Id], [UserId], [PublicId], [ImageUrl], [RowId], [DateCreated], [DateModified], [EntityStatus]) VALUES (N'd2ea9383-88ff-4ee0-a9e0-2f300a122c3c', NULL, N'a52qiyo3jpiispe622mf', N'https://res.cloudinary.com/kay-gyasi/image/upload/v1665919696/a52qiyo3jpiispe622mf.jpg', 17, CAST(N'0001-01-01T00:00:00.0000000' AS DateTime2), CAST(N'2022-10-13T15:22:40.7927878' AS DateTime2), N'Deleted')
GO
INSERT [dbo].[Images] ([Id], [UserId], [PublicId], [ImageUrl], [RowId], [DateCreated], [DateModified], [EntityStatus]) VALUES (N'eba17d56-4aa7-4973-9a1e-55f0e965007b', NULL, N'gwtk42kbit9vcvahhzl6', N'https://res.cloudinary.com/kay-gyasi/image/upload/v1665872444/gwtk42kbit9vcvahhzl6.jpg', 18, CAST(N'0001-01-01T00:00:00.0000000' AS DateTime2), CAST(N'2022-10-13T15:22:40.7927878' AS DateTime2), N'Deleted')
GO
INSERT [dbo].[Images] ([Id], [UserId], [PublicId], [ImageUrl], [RowId], [DateCreated], [DateModified], [EntityStatus]) VALUES (N'f2fed3f4-dc07-4e38-98a3-44508f4f4b0f', NULL, N'yu7despi5od5uhylr8fm', N'https://res.cloudinary.com/kay-gyasi/image/upload/v1665918633/yu7despi5od5uhylr8fm.jpg', 19, CAST(N'0001-01-01T00:00:00.0000000' AS DateTime2), CAST(N'2022-10-13T15:22:40.7927878' AS DateTime2), N'Deleted')
GO
INSERT [dbo].[Images] ([Id], [UserId], [PublicId], [ImageUrl], [RowId], [DateCreated], [DateModified], [EntityStatus]) VALUES (N'f56f00d6-daa3-4960-8b72-11bb3356beb6', NULL, N'nccfkrpgjgl5ainxqtbv', N'https://res.cloudinary.com/kay-gyasi/image/upload/v1665920922/nccfkrpgjgl5ainxqtbv.jpg', 20, CAST(N'0001-01-01T00:00:00.0000000' AS DateTime2), CAST(N'2022-10-13T15:22:40.7927878' AS DateTime2), N'Deleted')
GO
SET IDENTITY_INSERT [dbo].[Images] OFF
GO
SET IDENTITY_INSERT [dbo].[Ratings] ON
GO
INSERT [dbo].[Ratings] ([Id], [ArtisanId], [CustomerId], [Votes], [Description], [RowId], [DateCreated], [DateModified], [EntityStatus]) VALUES (N'895c2696-110e-4a58-b2f5-3f8938f87287', N'71723150-1700-43bb-86bc-3c458b3be11c', N'5d4c3706-6fff-4954-8d32-6bc0da182a2a', 4, N'Very good professionals. Their services are too costly though', 1, CAST(N'2022-10-15T22:22:51.6986766' AS DateTime2), CAST(N'2022-10-13T15:22:40.8035913' AS DateTime2), N'Normal')
GO
SET IDENTITY_INSERT [dbo].[Ratings] OFF
GO
SET IDENTITY_INSERT [dbo].[Requests] ON
GO
INSERT [dbo].[Requests] ([Id], [CustomerId], [ArtisanId], [OrderId], [RowId], [DateCreated], [DateModified], [EntityStatus]) VALUES (N'011f8bad-e926-4cff-bc0c-373ddedf5a31', N'6c3ce0b5-c3fb-4b76-b173-dc3c6953d47b', N'71723150-1700-43bb-86bc-3c458b3be11c', N'6fcbdb32-cb70-465f-a964-0273f9eb28f1', 1, CAST(N'0001-01-01T00:00:00.0000000' AS DateTime2), CAST(N'2022-10-21T01:48:03.9627252' AS DateTime2), N'Normal')
GO
INSERT [dbo].[Requests] ([Id], [CustomerId], [ArtisanId], [OrderId], [RowId], [DateCreated], [DateModified], [EntityStatus]) VALUES (N'1b4e14a1-db11-46be-b237-ba4db0dfd956', N'5d4c3706-6fff-4954-8d32-6bc0da182a2a', N'71723150-1700-43bb-86bc-3c458b3be11c', N'abbcc7c5-ac9e-46a8-a0fe-5d47f2be66f7', 2, CAST(N'0001-01-01T00:00:00.0000000' AS DateTime2), CAST(N'2022-10-21T01:48:03.9627252' AS DateTime2), N'Normal')
GO
INSERT [dbo].[Requests] ([Id], [CustomerId], [ArtisanId], [OrderId], [RowId], [DateCreated], [DateModified], [EntityStatus]) VALUES (N'21c2139a-a420-4e59-9916-2b1a87d094bd', N'1a9a2698-e009-460c-8c6c-fe565899b634', N'71723150-1700-43bb-86bc-3c458b3be11c', N'22b849a0-65cd-4538-ac48-e186a9dc9e97', 3, CAST(N'0001-01-01T00:00:00.0000000' AS DateTime2), CAST(N'2022-10-21T01:48:03.9627252' AS DateTime2), N'Normal')
GO
INSERT [dbo].[Requests] ([Id], [CustomerId], [ArtisanId], [OrderId], [RowId], [DateCreated], [DateModified], [EntityStatus]) VALUES (N'251f177d-d593-4f63-ab95-f600041f7c67', N'5d4c3706-6fff-4954-8d32-6bc0da182a2a', N'71723150-1700-43bb-86bc-3c458b3be11c', N'4357bf49-4938-44c2-851a-25356932d501', 4, CAST(N'0001-01-01T00:00:00.0000000' AS DateTime2), CAST(N'2022-10-21T01:48:03.9627252' AS DateTime2), N'Normal')
GO
INSERT [dbo].[Requests] ([Id], [CustomerId], [ArtisanId], [OrderId], [RowId], [DateCreated], [DateModified], [EntityStatus]) VALUES (N'3b98f87c-9272-471a-975b-c9d64d01eabf', N'5d4c3706-6fff-4954-8d32-6bc0da182a2a', N'71723150-1700-43bb-86bc-3c458b3be11c', N'1512fd2c-9c75-462d-ab67-2aaa3d18bba6', 5, CAST(N'0001-01-01T00:00:00.0000000' AS DateTime2), CAST(N'2022-10-13T15:22:40.8051088' AS DateTime2), N'Normal')
GO
INSERT [dbo].[Requests] ([Id], [CustomerId], [ArtisanId], [OrderId], [RowId], [DateCreated], [DateModified], [EntityStatus]) VALUES (N'3dfa7a30-7637-4799-949d-c8088f23184b', N'1a9a2698-e009-460c-8c6c-fe565899b634', N'771023ca-73bb-4665-9ce9-eb6668536be5', N'cf982636-1682-4915-8e84-1a23d3b46d0b', 6, CAST(N'0001-01-01T00:00:00.0000000' AS DateTime2), CAST(N'2022-10-21T01:48:03.9627252' AS DateTime2), N'Normal')
GO
INSERT [dbo].[Requests] ([Id], [CustomerId], [ArtisanId], [OrderId], [RowId], [DateCreated], [DateModified], [EntityStatus]) VALUES (N'77e9b643-f7ea-4f42-aca1-501b60a87587', N'5d4c3706-6fff-4954-8d32-6bc0da182a2a', N'71723150-1700-43bb-86bc-3c458b3be11c', N'f0f3bc96-0859-4bbb-9f34-17b74dad7de9', 7, CAST(N'0001-01-01T00:00:00.0000000' AS DateTime2), CAST(N'2022-10-21T01:48:03.9627252' AS DateTime2), N'Normal')
GO
INSERT [dbo].[Requests] ([Id], [CustomerId], [ArtisanId], [OrderId], [RowId], [DateCreated], [DateModified], [EntityStatus]) VALUES (N'7d42f76e-cda6-4959-9088-c56bf53f4144', N'5d4c3706-6fff-4954-8d32-6bc0da182a2a', N'71723150-1700-43bb-86bc-3c458b3be11c', N'c51b4ce1-4920-4165-81d3-4406878f01dc', 8, CAST(N'0001-01-01T00:00:00.0000000' AS DateTime2), CAST(N'2022-10-21T01:48:03.9627252' AS DateTime2), N'Normal')
GO
INSERT [dbo].[Requests] ([Id], [CustomerId], [ArtisanId], [OrderId], [RowId], [DateCreated], [DateModified], [EntityStatus]) VALUES (N'9edd084d-5706-4e42-a236-60b98988636b', N'5d4c3706-6fff-4954-8d32-6bc0da182a2a', N'71723150-1700-43bb-86bc-3c458b3be11c', N'4357bf49-4938-44c2-851a-25356932d501', 9, CAST(N'0001-01-01T00:00:00.0000000' AS DateTime2), CAST(N'2022-10-21T01:48:03.9627252' AS DateTime2), N'Normal')
GO
INSERT [dbo].[Requests] ([Id], [CustomerId], [ArtisanId], [OrderId], [RowId], [DateCreated], [DateModified], [EntityStatus]) VALUES (N'ba21dde4-582b-4666-8df0-28d3b56f370d', N'5d4c3706-6fff-4954-8d32-6bc0da182a2a', N'59befe0e-2151-49cf-b557-e761f72fa42b', N'46c11d0a-542e-4a4f-83fe-0ca30e4177c2', 10, CAST(N'0001-01-01T00:00:00.0000000' AS DateTime2), CAST(N'2022-10-13T15:22:40.8051088' AS DateTime2), N'Normal')
GO
INSERT [dbo].[Requests] ([Id], [CustomerId], [ArtisanId], [OrderId], [RowId], [DateCreated], [DateModified], [EntityStatus]) VALUES (N'f57c15f2-d320-4bc4-aa44-df84f82df0a4', N'1a9a2698-e009-460c-8c6c-fe565899b634', N'59befe0e-2151-49cf-b557-e761f72fa42b', N'cb96b35b-518a-4a9b-90ee-20ad43a23a5b', 11, CAST(N'0001-01-01T00:00:00.0000000' AS DateTime2), CAST(N'2022-10-13T15:22:40.8051088' AS DateTime2), N'Normal')
GO
INSERT [dbo].[Requests] ([Id], [CustomerId], [ArtisanId], [OrderId], [RowId], [DateCreated], [DateModified], [EntityStatus]) VALUES (N'ff5aa3b1-f17b-4464-81d0-d5780d1f07de', N'5d4c3706-6fff-4954-8d32-6bc0da182a2a', N'71723150-1700-43bb-86bc-3c458b3be11c', N'abbcc7c5-ac9e-46a8-a0fe-5d47f2be66f7', 12, CAST(N'0001-01-01T00:00:00.0000000' AS DateTime2), CAST(N'2022-10-21T01:48:03.9627252' AS DateTime2), N'Normal')
GO
SET IDENTITY_INSERT [dbo].[Requests] OFF
GO
SET IDENTITY_INSERT [dbo].[Disputes] ON
GO
INSERT [dbo].[Disputes] ([Id], [CustomerId], [OrderId], [Details], [Status], [RowId], [DateCreated], [DateModified], [EntityStatus]) VALUES (N'320ca21f-d418-4246-9850-238703ac12f3', N'5d4c3706-6fff-4954-8d32-6bc0da182a2a', N'1512fd2c-9c75-462d-ab67-2aaa3d18bba6', N'Test Dispute oooo', N'Open', 1, CAST(N'2022-10-15T21:41:27.3995074' AS DateTime2), CAST(N'2022-10-13T15:22:40.7915433' AS DateTime2), N'Normal')
GO
INSERT [dbo].[Disputes] ([Id], [CustomerId], [OrderId], [Details], [Status], [RowId], [DateCreated], [DateModified], [EntityStatus]) VALUES (N'a4d2f825-01bf-4d6e-9249-1449621bf0ab', N'5d4c3706-6fff-4954-8d32-6bc0da182a2a', N'4357bf49-4938-44c2-851a-25356932d501', N'You failed meee', N'Open', 2, CAST(N'2022-11-23T22:10:21.1628048' AS DateTime2), CAST(N'2022-10-21T01:48:03.9570560' AS DateTime2), N'Normal')
GO
SET IDENTITY_INSERT [dbo].[Disputes] OFF
GO
SET IDENTITY_INSERT [dbo].[Payments] ON
GO
INSERT [dbo].[Payments] ([Id], [OrderId], [AmountPaid], [IsVerified], [IsForwarded], [TransactionReference], [Reference], [CustomersId], [RowId], [DateCreated], [DateModified], [EntityStatus]) VALUES (N'14c301c6-e0e4-4fd6-9fcf-7db3ee321f97', N'abbcc7c5-ac9e-46a8-a0fe-5d47f2be66f7', CAST(735.40 AS Decimal(18, 2)), 1, 0, N'72098179654', N'72098179654', NULL, 1, CAST(N'2022-11-19T21:58:08.6774262' AS DateTime2), CAST(N'2022-11-19T21:58:48.9693036' AS DateTime2), N'Normal')
GO
INSERT [dbo].[Payments] ([Id], [OrderId], [AmountPaid], [IsVerified], [IsForwarded], [TransactionReference], [Reference], [CustomersId], [RowId], [DateCreated], [DateModified], [EntityStatus]) VALUES (N'15c3d45b-2cd7-4f66-b644-f15dc8cd3ee2', N'abbcc7c5-ac9e-46a8-a0fe-5d47f2be66f7', CAST(735.40 AS Decimal(18, 2)), 0, 0, NULL, N'66059823416', NULL, 2, CAST(N'2022-11-19T21:23:04.9470293' AS DateTime2), CAST(N'2022-10-21T01:48:03.9617158' AS DateTime2), N'Normal')
GO
INSERT [dbo].[Payments] ([Id], [OrderId], [AmountPaid], [IsVerified], [IsForwarded], [TransactionReference], [Reference], [CustomersId], [RowId], [DateCreated], [DateModified], [EntityStatus]) VALUES (N'1bce504a-25bd-4049-a1ac-3be59aea3cc8', N'abbcc7c5-ac9e-46a8-a0fe-5d47f2be66f7', CAST(735.40 AS Decimal(18, 2)), 0, 0, NULL, N'43149333285', NULL, 3, CAST(N'2022-11-19T21:34:29.4386926' AS DateTime2), CAST(N'2022-10-21T01:48:03.9617158' AS DateTime2), N'Normal')
GO
INSERT [dbo].[Payments] ([Id], [OrderId], [AmountPaid], [IsVerified], [IsForwarded], [TransactionReference], [Reference], [CustomersId], [RowId], [DateCreated], [DateModified], [EntityStatus]) VALUES (N'2f3e7fed-66b8-4362-8438-795a6f7d0bca', N'1512fd2c-9c75-462d-ab67-2aaa3d18bba6', CAST(687.00 AS Decimal(18, 2)), 1, 0, N'773605794', N'773605794', NULL, 4, CAST(N'2022-10-15T21:55:14.6723279' AS DateTime2), CAST(N'2022-10-13T15:22:40.8023523' AS DateTime2), N'Normal')
GO
INSERT [dbo].[Payments] ([Id], [OrderId], [AmountPaid], [IsVerified], [IsForwarded], [TransactionReference], [Reference], [CustomersId], [RowId], [DateCreated], [DateModified], [EntityStatus]) VALUES (N'48c68fa0-07c7-4b04-b857-f7b00e6902a8', N'4357bf49-4938-44c2-851a-25356932d501', CAST(20.00 AS Decimal(18, 2)), 1, 0, N'24256073520', N'24256073520', NULL, 5, CAST(N'2022-11-19T23:04:37.1663941' AS DateTime2), CAST(N'2022-11-19T23:04:37.8989377' AS DateTime2), N'Normal')
GO
INSERT [dbo].[Payments] ([Id], [OrderId], [AmountPaid], [IsVerified], [IsForwarded], [TransactionReference], [Reference], [CustomersId], [RowId], [DateCreated], [DateModified], [EntityStatus]) VALUES (N'd2d9fc54-f102-4b8c-9dda-8dc7b5efa585', N'abbcc7c5-ac9e-46a8-a0fe-5d47f2be66f7', CAST(735.40 AS Decimal(18, 2)), 0, 0, NULL, N'79985766079', NULL, 6, CAST(N'2022-11-19T21:27:06.2074410' AS DateTime2), CAST(N'2022-10-21T01:48:03.9617158' AS DateTime2), N'Normal')
GO
INSERT [dbo].[Payments] ([Id], [OrderId], [AmountPaid], [IsVerified], [IsForwarded], [TransactionReference], [Reference], [CustomersId], [RowId], [DateCreated], [DateModified], [EntityStatus]) VALUES (N'e9c1e311-d0a5-40e3-a906-2ee15acaa835', N'c51b4ce1-4920-4165-81d3-4406878f01dc', CAST(600.00 AS Decimal(18, 2)), 1, 0, N'89530981719', N'89530981719', NULL, 7, CAST(N'2022-11-19T22:02:13.4734793' AS DateTime2), CAST(N'2022-11-19T22:02:14.7049860' AS DateTime2), N'Normal')
GO
INSERT [dbo].[Payments] ([Id], [OrderId], [AmountPaid], [IsVerified], [IsForwarded], [TransactionReference], [Reference], [CustomersId], [RowId], [DateCreated], [DateModified], [EntityStatus]) VALUES (N'f5c7cbb3-3ad6-41e5-9274-5b624846c17c', N'abbcc7c5-ac9e-46a8-a0fe-5d47f2be66f7', CAST(735.40 AS Decimal(18, 2)), 0, 0, NULL, N'57535510814', NULL, 8, CAST(N'2022-11-19T21:31:45.0152330' AS DateTime2), CAST(N'2022-10-21T01:48:03.9617158' AS DateTime2), N'Normal')
GO
SET IDENTITY_INSERT [dbo].[Payments] OFF
GO
SET IDENTITY_INSERT [dbo].[Invitations] ON
GO
INSERT [dbo].[Invitations] ([Id], [UserId], [InvitedPhone], [Type], [RowId], [DateCreated], [DateModified], [EntityStatus]) VALUES (N'37e91a8a-a7d0-43d6-a109-e007803812bd', N'a2a9f274-e67b-4235-80ee-9f9f58d3c457', N'0209461549', 4, 1, CAST(N'2022-10-14T10:25:06.1961190' AS DateTime2), CAST(N'2022-10-13T15:22:40.7931963' AS DateTime2), N'Normal')
GO
INSERT [dbo].[Invitations] ([Id], [UserId], [InvitedPhone], [Type], [RowId], [DateCreated], [DateModified], [EntityStatus]) VALUES (N'616fb3c6-4e35-4b6c-9279-dece81297532', N'774a6d79-f46b-4049-bb42-24d4165d1f70', N'0207733247', 4, 2, CAST(N'2022-10-14T00:52:21.9172956' AS DateTime2), CAST(N'2022-10-13T15:22:40.7931963' AS DateTime2), N'Normal')
GO
INSERT [dbo].[Invitations] ([Id], [UserId], [InvitedPhone], [Type], [RowId], [DateCreated], [DateModified], [EntityStatus]) VALUES (N'6d523265-c79a-4639-a00f-a509a11c7ca2', N'774a6d79-f46b-4049-bb42-24d4165d1f70', N'0207733247', 4, 3, CAST(N'2022-10-14T00:55:55.2641984' AS DateTime2), CAST(N'2022-10-13T15:22:40.7931963' AS DateTime2), N'Normal')
GO
INSERT [dbo].[Invitations] ([Id], [UserId], [InvitedPhone], [Type], [RowId], [DateCreated], [DateModified], [EntityStatus]) VALUES (N'9708e40d-f017-4e57-9ede-20d928fcc1a7', N'774a6d79-f46b-4049-bb42-24d4165d1f70', N'0207733247', 3, 4, CAST(N'2022-10-14T00:51:23.1147079' AS DateTime2), CAST(N'2022-10-13T15:22:40.7931963' AS DateTime2), N'Normal')
GO
SET IDENTITY_INSERT [dbo].[Invitations] OFF
GO
SET IDENTITY_INSERT [dbo].[Registrations] ON
GO
INSERT [dbo].[Registrations] ([Id], [Phone], [VerificationCode], [RowId], [DateCreated], [DateModified], [EntityStatus]) VALUES (N'b1e6a1e0-10d5-4b02-8ff4-7e573c3ad2c4', N'0552985772', N'apujtvqqlxuvgzspwhza', 1, CAST(N'0001-01-01T00:00:00.0000000' AS DateTime2), CAST(N'2022-10-21T01:48:03.9624970' AS DateTime2), N'Normal')
GO
SET IDENTITY_INSERT [dbo].[Registrations] OFF
GO
